,Intercept,Slope,R.squared,slope.std
ACAN,0.179454975119897,0.914702911650916,0.9,0.112015717640788
ACE2,-0.0144199545192429,1.01872360973609,0.9,0.1350182214683
ACP5,-0.0282098800556964,1.03763985012688,0.9,0.192296134345204
ACP6,0.217945950714962,0.52138704355927,0.6,0.203182744712156
ACTA2,0.0820205588023893,0.792041228302691,0.6,0.332485412876775
ACVRL1,0.23562292687534,0.556821743273337,0.5,0.287746329343661
ACY1,-0.0739687086127732,0.990115553973736,0.9,0.182125952247734
ADA2,0.100871192838507,0.905787825074791,1,0.0839568051748911
ADAM15,0.456653203524604,0.765341777953985,0.7,0.248017001175535
ADAM22,0.0705903723394008,0.659512517666262,0.8,0.183696136497224
ADAM23,-0.0364700525604413,1.01650378923905,0.8,0.220986931840516
ADAMTS13,0.0831927686737602,0.711896117509314,0.7,0.220603297297224
ADAMTS15,0.425410496461022,0.634003854565089,0.5,0.310681870539994
ADAMTS8,0.0920346752983597,0.883976241704069,0.9,0.120422779943476
ADGRB3,-0.0230798478054349,0.857922383006236,0.7,0.259735047725203
ADGRE2,0.113100753604216,0.832068294745096,0.8,0.178919145446766
ADGRE5,0.0506634232593701,0.836125833582158,0.8,0.181682939365376
ADGRG1,-0.00993947867387347,0.674932596688974,0.5,0.350115076223111
ADGRG2,0.239139461419744,0.843879011666316,0.8,0.220101933407094
ADH4,-0.264267720014103,0.731004723021717,0.9,0.147946115336327
ADM,-0.00275780718011854,0.99074101804979,0.8,0.260375488857411
AFP,-0.0442298588695599,0.980029475605408,0.9,0.1293759097954
AGER,0.0545607233253957,0.746951927090448,0.9,0.135702020660733
AGR2,0.580354002544934,0.553413343471689,0.5,0.258288380591061
AGR3,0.0758293425330944,0.698457281219068,0.5,0.366717621882777
AGRP,-0.189096800104662,1.06592263800716,0.7,0.349302951170164
AGXT,0.0672082644864197,0.959317654289919,1,0.0810991225631899
ALCAM,0.268565922574491,0.682558173832645,0.5,0.31596903340438
ALDH3A1,0.0819504927685519,0.807948814952054,0.9,0.126914039552084
ALPP,-0.105518725881041,1.03765346696693,0.9,0.178457580240661
AMBN,-0.225131190192818,1.06308872156925,1,0.0860842747302072
AMBP,0.0236146321394352,1.03462251083135,0.8,0.263832383685952
AMN,0.0938350136688325,0.489971288691092,0.5,0.258344276749669
AMY2A,0.0370920397301807,0.930844509125125,0.9,0.13823781946284
AMY2B,-0.0262962087842995,0.893189876915956,0.8,0.206503300337605
ANG,-0.0429270982650528,1.13084663343145,0.9,0.180134502331823
ANGPT2,0.110584506774434,0.814729548104278,0.9,0.104576824501789
ANGPTL1,0.0907330610818432,0.907803039022362,0.8,0.192881663762532
ANGPTL2,0.540674301652387,0.406597942028553,0.5,0.212306895911416
ANGPTL4,0.0796110927616885,0.914993124988445,0.9,0.14931153622122
ANGPTL7,0.0666346496697485,0.879834623236667,0.9,0.168314131993847
ANPEP,-0.0446983229093717,0.966891765620668,0.7,0.293206037731397
ANXA10,-0.00660440501073501,0.944038154526133,0.8,0.197054318590321
AOC3,0.176109326232102,0.770696032324326,0.7,0.256690629368439
APLP1,0.768025610057975,0.716904237200928,0.8,0.159628830502433
APOH,0.106704867082152,0.712738698998613,0.6,0.294603613825409
APOM,0.0110628214018494,0.937531943494136,0.8,0.22191822056727
AREG,-0.0371266326017465,1.11022698299643,0.7,0.382336334501888
ARNT,-0.245968200817516,0.856762363729182,0.6,0.320025102205069
ART3,-0.0575364466682081,0.922715628439329,0.8,0.207286335057552
ASAH2,0.013037803599551,0.88641250759978,0.9,0.115334287408836
ASGR1,0.0919003972399617,0.835457811353948,0.8,0.230210883342915
AXL,0.0457803374999822,0.983230414787202,0.7,0.278621417004582
B4GALT1,0.0214477415610603,0.962754767191708,0.8,0.233291661884247
B4GAT1,-0.015977827990741,1.02540062837715,0.8,0.234875421973852
BAG3,-0.173035572337786,0.790220180042164,0.7,0.222077695629705
BAIAP2,-0.146700856922773,0.966357157275135,0.8,0.230396331280318
BAMBI,0.348792838428486,0.582599094206713,0.6,0.243942729977335
BCAM,0.189257641057735,0.795540694743778,0.7,0.263089381105867
BCAN,0.113488955329221,0.967273182100427,0.9,0.169676179443015
BLMH,0.216779459899112,0.7516986987014,0.6,0.292417171262088
BOC,0.158808893965772,0.842540931016481,0.7,0.27206876317024
BPIFB1,0.0573785686610266,0.94231604106018,0.9,0.145872416310685
BSG,0.156949121648898,0.726317427296982,0.6,0.277728728677259
BST1,0.0307044460190728,0.789769045611637,0.7,0.263442330055201
BST2,-0.109624901493261,1.06132974468921,0.9,0.147012745840066
C19orf12,-0.533705587782463,0.577741693055758,0.5,0.302955534885891
C1QA,0.0243173727944988,0.760006458573191,0.8,0.19750957671805
C2,0.0585855389845534,0.947808698168043,0.6,0.404232326995853
C4BPB,-0.00395657707557466,1.05202553643906,0.9,0.212765573235461
CA14,-0.0608546484170609,0.949191272169922,0.9,0.166468619099828
CA4,0.0428875959812352,1.01890220921379,0.5,0.457906263953971
CA5A,-0.00156384291039241,1.03074868689965,1,0.0958557456982172
CA6,-0.0577503145815552,0.901921450239899,0.9,0.112598145331893
CA9,-0.0430999807206952,1.04971163627964,0.9,0.161641824972971
CALB1,-0.103782508344259,1.07364370530134,0.8,0.294787181862708
CALB2,0.233377158412088,0.787615416752803,0.5,0.373709993754533
CALCA,-0.0560095263929225,0.993818565735142,1,0.0964638890202939
CBLIF,-0.0174590146813969,0.951380025469825,0.9,0.110630849171885
CBLN4,0.0832041960104294,0.862052997425682,1,0.0884625928934017
CCDC80,0.589331082336768,0.606337553546685,0.7,0.196542623237425
CCL13,0.195487929112655,0.930361206951403,0.5,0.412150278245864
CCL14,0.692572212853873,0.746883950646336,0.7,0.25916709980394
CCL15,-0.0335217966581632,0.993415805772743,0.9,0.118921805558047
CCL16,0.165295083215227,0.823008077481035,0.8,0.17814422250112
CCL17,0.168875215680266,0.922796432878205,0.7,0.325024481206113
CCL18,-0.0186996354303466,1.04977673314614,0.9,0.16144817961509
CCL19,-0.0939238594195293,1.00710335835673,0.9,0.16995108601516
CCL2,0.318062651439814,0.695301854010388,0.7,0.246460516787479
CCL20,-0.0251513946602107,1.02348652969172,1,0.100069464218954
CCL21,0.628678656454764,0.597355285572845,0.8,0.130311537237704
CCL22,0.430338775849826,0.877119255502769,0.8,0.181290432779342
CCL23,0.00227830021623593,1.003443494301,0.9,0.151855083922884
CCL24,0.0760011104055328,0.987063475458836,0.9,0.186722046577502
CCL25,0.0159652581503657,1.02171181482994,0.9,0.184052474251707
CCL26,-1.33820121999828,1.20767517458382,0.5,0.642229037734347
CCL27,0.25832016859888,0.932839600881185,0.7,0.297093138693502
CCL3,0.400409351828862,0.783638744276082,0.8,0.166469364322783
CCL4,0.423236655856037,0.655842025264334,0.7,0.224035367358111
CCL7,0.0296782149516317,0.990906237324584,0.9,0.131688918723373
CCL8,-0.75611144601521,0.801349776313459,0.8,0.224121172824322
CCN3,0.0516645565560544,0.937419047657241,1,0.0817239040379388
CCN5,-0.132370010148061,0.892763426836148,0.8,0.186996145483606
CD109,0.164726494280366,0.81973881201394,0.8,0.187162653099196
CD14,0.686816703888163,0.716916828853869,0.6,0.270374673141929
CD160,0.0503904052581658,0.800992429643538,0.9,0.122261619466787
CD163,0.0315775583220694,0.988551187095997,0.9,0.148268635407851
CD177,-0.0687128654900887,1.04139426623727,0.9,0.140397599717847
CD1C,0.136975445815471,0.751796576055793,0.9,0.126875307347962
CD200R1,0.243672935112135,0.679322682706829,0.7,0.199014298499035
CD207,0.0113569455006307,0.747691204945324,0.8,0.199256200407552
CD209,0.0272363448528168,1.00872878459339,0.9,0.195302668042616
CD22,0.086914964364428,0.897058226502511,0.9,0.121796754600051
CD27,-0.0343361231823455,0.965844304772188,0.8,0.242660921440974
CD276,0.0119134909083425,0.830190055832958,0.8,0.190169734491736
CD28,0.232156739186564,0.854278921920261,0.8,0.183893479052476
CD300C,0.206074262824808,0.854614333879989,0.8,0.179822416904858
CD300E,0.0362405842538235,0.85047495465507,0.9,0.145858218771105
CD300LF,0.134004196516883,0.765241735567572,0.9,0.112103916324672
CD300LG,-0.0719545499881449,0.973562933633825,0.8,0.210664895628573
CD302,0.165537751651898,0.702603391408302,0.6,0.287366004878837
CD33,0.0264467917723964,0.934824165556669,0.9,0.108139492669957
CD34,0.0760967219845297,0.617101946901691,0.7,0.210088224242622
CD48,0.0824838415523944,0.827281699535637,0.8,0.21863185636066
CD59,0.0312953802646871,0.839760879336933,0.6,0.299673505536495
CD6,0.0672754264565723,0.733295629979632,0.5,0.323531744857145
CD70,-0.00385534232829983,0.922336247865067,0.8,0.226076730627976
CD79B,0.102573554236065,0.877460458350077,0.9,0.0977764293337729
CD83,0.21416890960492,0.661520142178196,0.7,0.230375591326508
CD8A,0.609122949427411,0.711607327756064,0.8,0.18262603787411
CD93,0.16309486689422,0.879265680266598,0.8,0.231589416244403
CD99,0.143819635131505,0.779669410983045,0.5,0.39082951880903
CDCP1,0.0642378611139019,0.910082062988577,1,0.0880067445203471
CDH1,0.0327561254027741,0.979330279255405,0.6,0.390067292886737
CDH15,0.0779622695395581,0.876731597096719,0.9,0.110535571774542
CDH17,0.321518311985307,0.770954740600133,0.8,0.181496540623698
CDH2,-0.0079459178850963,0.960188213372498,0.7,0.283689352710048
CDH3,0.18587975720131,0.851849423427111,0.8,0.219906973720929
CDH5,0.274245477199552,0.76842157163641,0.8,0.175655114188043
CDH6,0.103981029938648,0.911619862437294,0.7,0.263795702267038
CDHR2,-0.129215331206221,0.987471743290094,0.9,0.122167641382445
CDHR5,-0.0487103809656393,0.94833242005985,0.9,0.186561492853322
CDON,0.131215357354195,0.834840126813958,0.9,0.160232261494589
CDSN,-0.216153229382868,1.50685778479282,0.6,0.58494895411366
CEACAM1,-0.138869777711515,1.14963562710835,0.8,0.259228139917928
CEACAM21,0.0599701234734106,0.862350145892443,0.8,0.205903328582667
CELA3A,0.10288314330526,0.932630133572354,0.9,0.167764977324252
CES1,-0.0365298341439024,1.05250294880203,1,0.088167608354474
CES2,-0.0794738745486871,0.969220889465807,0.7,0.285368167571763
CES3,-0.341142429603337,0.681331151219512,0.6,0.288432174252886
CFC1,0.373611951580728,0.723963815131936,0.6,0.291827867065473
CGA,-0.0123488248414327,0.972978426258314,0.9,0.148276701568314
CGREF1,0.00722927338521633,0.982373577735948,0.9,0.168314505859425
CHGB,0.0823798076000034,0.928147730456538,0.9,0.177043831994607
CHI3L1,0.275798374149354,0.7809740598525,0.8,0.207179103429471
CHIT1,-0.0422934162660551,0.896924589002512,0.9,0.101983034568715
CHL1,0.126666574747783,0.786806013095558,0.8,0.170276478403249
CHRDL1,0.430833920763424,0.692463115580054,0.6,0.301647133703401
CHRDL2,0.0445173771258252,0.999463874973401,0.8,0.207170203890469
CLEC10A,-0.212201189832494,0.761697613645393,0.6,0.305903568976877
CLEC14A,0.197861364676162,0.728182566781511,0.7,0.218786555956451
CLEC1A,0.505258572626099,0.628067294303513,0.5,0.308254335169516
CLEC4C,0.0288400071181643,0.885591702532818,0.9,0.175396538461031
CLEC4G,0.146319586638618,0.840336768250478,0.8,0.214538727084196
CLEC7A,0.0150533640809454,0.94147471236885,0.9,0.165483618291843
CLMP,0.0099701508229487,0.769806705776589,0.6,0.318555624381671
CLPS,0.165450489974593,0.911559686769299,0.9,0.167353913479516
CLSTN2,0.000281780664218911,0.99168392425627,0.9,0.165815546374765
CLUL1,0.0352515280049682,0.973344250909424,0.9,0.112633623702689
CNDP1,-0.0296565243926226,1.00077086560383,1,0.0926922410765411
CNTN1,-0.0104469691348135,0.912699150630012,0.8,0.249353991577056
CNTN2,0.0466087795891613,0.941991062608658,0.9,0.106251929815409
CNTN3,-0.200719248618501,0.700984724727725,0.7,0.210628782754541
CNTN4,0.222136939755063,0.598740966193301,0.6,0.254769900029424
CNTN5,0.108980303531127,0.906237952998299,0.9,0.123078861157606
CNTNAP2,0.14369935467327,0.90093977867778,0.9,0.156550506823014
COL18A1,0.287059945339908,0.743339473975584,0.7,0.222692812159649
COL1A1,0.081080262583732,0.926930109035746,1,0.0781243793745625
COL4A1,-0.105940952039752,1.00712718407921,0.9,0.203665932516603
COL6A3,0.154039578685698,0.841098284439872,0.8,0.181303157224412
COL9A1,0.308942112906895,0.948297122923701,1,0.0364821670310239
COLEC12,0.254823144807206,0.665747293249417,0.6,0.239230533297651
COMP,0.0184994900018831,0.966894394160514,0.8,0.200251665430228
COPE,-0.0280630909676134,0.878965180362507,0.8,0.244205554256188
CPA1,0.0112608644586274,0.914560671361653,0.9,0.126455676553284
CPA2,-0.0356112595572205,1.01052207018499,0.9,0.115958304737257
CPB1,-0.0107884257891265,0.85047664787514,0.9,0.127209878539208
CPE,0.0504986874841164,0.839982786475792,0.6,0.308537323082173
CPM,0.011177553971854,0.942810281007732,0.8,0.202479788149806
CPVL,-0.0333426135811548,0.548356295029225,0.8,0.112530111208509
CR2,0.102575101093332,0.932387323625644,0.9,0.108504105805988
CRELD2,0.702205791088796,0.522829077650721,0.5,0.269314341259775
CRH,0.042267301131921,0.998410659515381,1,0.0851486796227061
CRHBP,0.181224605795959,0.835238973014032,0.6,0.298117482813916
CRIM1,-0.0080871092468212,0.956851879088096,0.6,0.375334048712575
CRISP2,0.0238043543188373,1.02921950967762,0.9,0.153832350471214
CRNN,0.197552757378079,0.891150457080692,0.9,0.124697176051925
CRTAC1,-0.10469850567996,0.807896896805445,0.9,0.156005781341831
CRTAM,0.140576050321165,0.86010486828531,1,0.0880081058292366
CRX,0.0438204588091167,1.12331190804129,0.8,0.251494477093896
CSF1,0.115150036646163,0.838184358148387,0.8,0.20326207978488
CSF2RA,-0.0386458404806538,0.637297327911102,0.6,0.253982807782328
CST3,0.199168404108021,0.807416365926975,0.7,0.239837201883169
CST5,-0.195932975792047,0.695163353990554,0.8,0.180718226311845
CST6,0.0164434358374936,0.76906404845794,0.8,0.207482620356446
CST7,0.257244956875514,0.826127837527358,0.7,0.237353164300124
CTRB1,0.0879918045950539,0.889685109709348,0.9,0.123352790655535
CTRC,0.44493749322036,0.67448874171903,0.8,0.138175292667131
CTSB,0.0415602785324287,0.924382619320729,0.9,0.11923215581162
CTSD,-0.0937465346105951,1.22517236029454,0.6,0.489251407984662
CTSF,0.0503208386454113,0.925329983563055,0.7,0.271435306013703
CTSH,0.0982278447538783,0.857203874133463,0.9,0.163553901180482
CTSL,-0.0115868445386988,1.01315741027448,0.9,0.152268862109204
CTSO,-0.0588287809583298,1.09249295170517,0.9,0.216133861142561
CTSV,-0.0792985860894798,0.775967454714628,0.7,0.220364916723782
CTSZ,-0.0322998063512542,0.977245058701344,0.7,0.2865107319585
CX3CL1,0.142440271815694,0.769855828214716,0.6,0.312629286366786
CXADR,0.261123742115261,0.892243878637517,0.9,0.171384683948609
CXCL1,2.59263632035221,0.501161640003795,0.5,0.252982687146773
CXCL10,0.192803579675333,0.910303823510514,1,0.0835173760244895
CXCL11,2.27924347747841,0.75149966740382,0.5,0.337158211179217
CXCL12,0.226632802183231,0.837655942977209,0.5,0.432382160215944
CXCL13,0.636894289189782,0.846487575180359,0.9,0.108786329477953
CXCL14,0.0167601519137676,1.16713186931743,0.5,0.521076829067831
CXCL16,-0.0550999181675972,1.07813088834104,0.9,0.168029198629814
CXCL17,0.0566061004163039,0.927331653483218,0.8,0.252750256602794
CXCL9,0.163864497881313,0.902119388190075,0.9,0.119890940650282
DCBLD2,0.0114929384721037,1.13751720483604,0.7,0.379948619529847
DCTN6,-0.158837928898765,0.560965613553552,0.5,0.294283553832006
DCTPP1,0.458034190274057,0.59080875492419,0.5,0.293322142809934
DDC,-0.128149322228477,1.17968014736752,0.9,0.165712432225319
DDR1,0.085621965840764,0.827281127472957,0.6,0.307306805582172
DEFB4A_DEFB4B,0.0977690830971879,0.917184347282752,0.9,0.139860285397606
DKK3,0.0123527274703238,0.932117105288249,0.8,0.219044123344364
DKKL1,-0.0388496091746559,0.989108588675429,0.9,0.169030208062311
DLK1,-0.0269060517065433,1.03312938682839,1,0.112167811795753
DLL1,0.0931163227069503,0.892225756106075,0.8,0.222260937486764
DNER,-0.0144442920354127,0.934653046356473,0.8,0.225526705910391
DPEP1,-0.0479061173346674,0.961068012102254,0.8,0.267841376916812
DPP10,-0.12725773609905,1.14910393321208,0.8,0.283966570149841
DPP4,0.0907881658852768,0.834194006102485,0.7,0.252897925605338
DPP6,0.365471649569874,0.801070449609806,0.8,0.219005052707852
DPT,-0.00676251882336887,0.883806203324926,0.9,0.13323573697217
DRAXIN,0.122943193747566,0.947963166543815,0.9,0.140881106890328
DSC2,0.108493798583058,0.919387901120848,0.8,0.249953498624289
DSG2,-0.0747728335128577,1.07445667187484,0.6,0.46497422185057
DSG3,0.0390484888670005,0.882152619149377,0.7,0.294072819037407
DSG4,-0.0816372259841718,0.995990112387221,0.9,0.187426952863772
DUOX2,-0.131419061097972,0.978583438743807,0.9,0.164280521685615
DUSP3,0.0847991191378556,0.847231708423024,0.7,0.273970593065838
EBI3_IL27,0.0632095282056846,0.83311292525354,0.9,0.127380508680935
EDA2R,-0.0378602630281568,0.971907654851347,1,0.0968745929870679
EDIL3,0.359975161645173,0.834810889737816,0.8,0.19156926265135
EFEMP1,0.0946532718062672,0.826632529219657,0.7,0.278759397920419
EFNA1,0.212779956272943,0.76989307537618,0.7,0.255111750760988
EFNA4,0.425447488548768,0.586993409447019,0.6,0.252314271747064
EGFR,0.0304367132863622,0.940516494570041,0.7,0.300971779580268
ENPP2,0.131267479652319,0.875844197993082,0.9,0.146092312506583
ENPP5,0.0175119324997781,0.955521680189584,0.8,0.203566763640603
ENPP7,0.00579170931078007,0.985593640582645,1,0.0819298090090409
ENTPD2,0.167687591231334,0.727585067533919,0.5,0.378392842896065
ENTPD5,0.00108067376832978,0.976438415834513,0.6,0.415242644893481
ENTPD6,0.146311822530329,0.773149487205872,0.6,0.315056160119398
EPCAM,-0.0227291950325835,1.06051640633481,1,0.106617646415323
EPHA1,0.0680202215824488,1.00729950104665,0.8,0.208463107159671
EPHA10,-0.176487557564054,0.859005291002494,0.7,0.253099849343192
EPHA2,0.210131612137584,0.879251490654086,0.7,0.310736726478219
EPHB4,0.0928370920450679,0.84063186956807,0.7,0.278012149950325
EPHB6,0.463255839668177,0.66684965534003,0.5,0.336434167255868
EPHX2,0.215780047574996,0.8962012063366,0.9,0.169329821348005
EPO,-0.201136814147424,0.98902489961511,0.9,0.124360308975419
ERBB2,0.0903252314947888,0.622980580823549,0.5,0.312025112230407
ERBB3,-0.0467792572388063,0.996022712613268,0.5,0.444802833556674
ERBB4,-0.0546527255968993,1.16860179444032,0.8,0.250587492479134
ESM1,0.341565633620882,0.775800624136836,0.8,0.178971990783221
F3,0.0644742159399188,0.910348988024884,0.8,0.254040129522884
F7,-0.0508142785373413,1.05606112442797,0.8,0.287938761942688
F9,0.0262843659410674,0.90218394042946,0.6,0.329801056546304
FABP1,0.0937790004513997,0.947001739640103,0.9,0.143155340077461
FABP2,0.00593399698538436,0.987084465698723,0.9,0.148881797973485
FABP4,0.0270419174973504,0.958069592314538,0.9,0.14029880259064
FABP6,0.367962024575517,0.642319133120053,0.7,0.207788668140505
FABP9,-0.0177676058213918,0.857488336524074,0.9,0.153314540609136
FAM3B,0.100922276355269,0.774431711897414,0.7,0.254034865317678
FAP,-0.0451757976219992,0.955644487661854,0.9,0.1213245813554
FAS,-0.0186967676931074,0.948742934011142,0.8,0.210684008468669
FASLG,0.0646836366631752,0.922740696411429,1,0.0783397728017912
FCER2,0.150744915736945,0.881141847886265,1,0.0780597599300855
FCGR2A,-0.030857777048213,0.965647481351502,0.8,0.209033028672044
FCGR3B,0.0413690219778259,0.92192437037941,0.9,0.167267353608029
FCN2,-0.0233591736668905,0.939802177829007,0.8,0.229891899684353
FCRL1,0.115071658381219,0.921954605469097,1,0.0772562010103508
FCRL2,-0.0097845132138374,0.952367885562639,1,0.0845897274541711
FCRL3,0.0897215603257906,0.806348645271834,0.8,0.2234345339072
FCRL5,0.0435242064283944,1.01608378649721,1,0.0914367241788674
FCRL6,0.0422299754655598,0.836561279247957,0.9,0.124062945550058
FCRLB,0.0595436605894336,0.831900927763633,0.7,0.290038694458665
FETUB,0.0367465381706545,0.990673146399314,0.8,0.210725320418264
FGF19,-0.00509438083583656,1.02605567328473,0.9,0.116451185773872
FGF21,0.0585293748147287,1.02493131702426,1,0.0770330424495312
FGF23,0.0744853646076819,0.913583213751388,0.8,0.207960820312201
FGFBP1,-0.0475995828970509,0.851847955220964,0.6,0.313548345336067
FGFR2,0.206593614507286,0.756863507382241,0.5,0.35482495583287
FLRT2,0.185643629472142,0.727662567067604,0.7,0.224389709649235
FLT3LG,-0.0349768696912012,0.952758176078663,0.9,0.166030540352787
FLT4,0.0305076237121903,0.989593994182794,0.7,0.280006695315597
FOLR1,-0.0546202822014468,0.977979861245291,0.7,0.321429405431145
FOLR3,0.140124001066745,1.0298708302661,1,0.0644318020271303
FRZB,-0.96506914103065,0.454051615296424,0.7,0.134258736141964
FST,-0.110163220883418,0.687324217954232,0.8,0.144581485825973
FSTL3,0.019024292784643,0.962422603144568,0.8,0.23150969728375
FUCA1,0.0300111716743048,0.972768100099872,1,0.102817381511979
FURIN,0.212600776627371,0.687147333586172,0.6,0.280418654807043
FUT3_FUT5,0.0669813104632428,1.08888687020016,0.9,0.163954013575126
GAL,-0.0382990714441602,0.893435187113289,0.9,0.130174174362467
GALNT2,0.163046254188953,0.609078362670185,0.7,0.202879553392367
GAS6,0.0316906988401385,0.957461195977477,0.8,0.264282097701591
GCNT1,0.277714368631699,0.658827655773637,0.6,0.253756583931115
GDF15,0.061652097263317,1.01428485218884,0.9,0.157300681808434
GDF2,0.0764813456489121,0.960240419802096,0.9,0.188852372961193
GDNF,0.00378787512861273,0.851821945013723,0.7,0.241933350468855
GFAP,-0.0934363637651138,0.915054576937083,0.7,0.306281162162514
GFOD2,0.158560699530724,1.09881050521912,0.9,0.131983231453952
GFRA1,0.128663217277263,0.825271230184731,0.8,0.18116188382184
GFRA3,-0.0392535594761529,0.908242922919308,0.8,0.214746679677323
GGH,0.0635620012612048,0.942132601796658,0.8,0.239144828023115
GGT1,-0.0998580162661308,1.08040624425151,0.9,0.137863049448506
GH1,0.366972125800044,0.948821377131773,1,0.0874315587297706
GH2,-0.156898305230048,1.04830775581026,0.9,0.143422456654466
GHRL,0.369386051716196,0.842145878530509,0.9,0.129773785021187
GLT8D2,-0.0110350842142617,1.03542764181078,0.9,0.151900354702728
GOLM2,0.164554884028251,0.755135921143808,0.6,0.286109543808604
GP2,-0.280532510386427,1.08096603619627,0.9,0.218762140236612
GPC1,-0.0185368717691302,0.948076827110448,0.8,0.247995882533698
GPR37,0.229772895093485,0.781243061085418,0.6,0.334073899150669
GRN,0.0594480724220831,0.909600723930303,0.7,0.269674397028723
GSTA1,0.0107900138355455,1.01739353749033,0.9,0.146364665606806
GSTA3,-0.211886156339452,0.678775207281772,0.5,0.321810527149681
GUCA2A,-0.0214812404141558,0.986730111665802,0.8,0.249552679560745
GZMA,0.413659030193973,0.483625597363916,0.5,0.247239895004744
HAO1,0.0875661187753318,0.963748047767134,1,0.057249272991944
HAVCR1,-0.00667588330691828,1.05145632634008,1,0.0868610892187895
HAVCR2,-0.0383321451801926,1.00785012482058,0.9,0.135023018983399
HGF,-0.0620491932463761,0.701529302917,0.6,0.284103744582691
HLA.DRA,0.375525720101483,0.655242375685792,0.6,0.26393698780083
HMOX1,0.00721526792953277,0.948231550124221,0.9,0.114522393995058
HPGDS,-0.0232649792251992,0.685100314249744,0.8,0.169620307075377
HS3ST3B1,0.221503577660096,0.807793172846117,0.5,0.364662397753018
HSD11B1,0.0311516419281794,0.853685053608225,0.7,0.29575969231751
HSP90B1,-0.0483422641104516,0.992144816708361,0.9,0.201964917500051
HSPB6,0.0160474733852817,0.962815098869751,0.7,0.270333825346372
HSPG2,0.189940750672813,0.794785887222867,0.7,0.242383137024067
HYAL1,-0.186887297029486,1.1915761506694,0.6,0.433595577902756
HYOU1,0.125090195001508,0.781163142971097,0.7,0.26036621893045
ICAM1,0.10925866209985,0.931390833805628,0.9,0.168901212092995
ICAM2,0.319790265633528,0.691973673459127,0.7,0.236779938663693
ICAM3,0.0621182524787213,0.932255045843539,0.8,0.231138273579882
ICAM4,-0.0538226946489117,0.824448314520319,0.6,0.342475255475274
ICAM5,0.302433173169099,0.764909805635518,0.8,0.185080367168277
ICOSLG,0.182093634357686,0.689378748721359,0.5,0.328217780950571
IDUA,-0.629600840868598,0.423073670894183,0.5,0.19970468272166
IFNG,0.383299250817652,0.714259229741437,0.5,0.345008187444553
IFNGR1,0.0897875547723211,0.844302472840185,0.6,0.367876196631534
IFNGR2,-0.136187885034343,1.11227051750687,0.9,0.185865549878937
IGF2R,0.0388215808155151,1.03542482725795,0.7,0.34700798074872
IGFBP1,0.0473684939800962,0.989450751148787,1,0.0760787377299138
IGFBP2,0.0436925647730579,0.931978646848847,1,0.0860458828227968
IGFBP3,0.070996774846981,0.842273311873321,0.7,0.253840542367719
IGFBP4,0.0716865936605528,0.794270585732339,0.7,0.255206755506239
IGFBP6,0.059026281331913,0.966920956142585,0.8,0.198610053976373
IGFBP7,0.110830792881235,0.809334164368906,0.8,0.210266916001766
IGFBPL1,0.0107940940738113,0.961925644741537,0.7,0.285751065003167
IGSF3,0.253949209301056,0.809946075047667,0.7,0.238268580935201
IL10,-2.71393976315426,0.616731063871457,0.5,0.321499218029916
IL10RA,0.0892856942911068,1.01752096439139,0.7,0.308880838285311
IL10RB,0.0891631149011692,0.880276387903174,0.8,0.244147708494312
IL11,0.0707010330247218,0.894274297254572,0.8,0.227355831066746
IL12A_IL12B,0.119170940824667,0.89143671499322,1,0.074341200885956
IL12B,0.0336159458301458,0.923331743642733,1,0.0467344283019371
IL12RB1,0.0785068960972826,0.749327424546683,0.5,0.386943264390867
IL15,-0.0725619302201594,1.01191798181128,0.8,0.276949530992667
IL17A,-0.030364018899064,1.09160012032027,0.9,0.126229165253243
IL17C,-0.0711513149942743,1.22748189497421,0.9,0.219797088589014
IL17F,0.0627134594240946,0.992570440162124,0.8,0.222345598105103
IL17RA,0.270914058753781,0.786923830886764,0.6,0.32093320816233
IL17RB,0.020693519051876,0.903256598745595,0.9,0.172329693095147
IL18,0.0617366912784539,0.958634660517223,1,0.0735082354530773
IL18BP,0.13323445582834,0.892014460231453,0.9,0.158395326518151
IL18R1,0.0217237818232192,0.945690873568658,0.8,0.237462180528433
IL18RAP,-0.242072520293693,1.0628300983942,0.9,0.122533004538437
IL19,0.124900019775358,0.80278451482255,0.9,0.132755040230375
IL1R1,0.0397213386182184,0.928604312879841,0.7,0.278219381683466
IL1R2,0.0385589326295894,0.977468598709215,0.8,0.205984853677948
IL1RAP,0.0736271586325854,0.88094770017186,0.5,0.395498986328066
IL1RL1,-0.0139767817742556,1.02476447569149,1,0.076108525652054
IL1RL2,-0.00333073210951708,0.886018334767101,0.9,0.177555270040133
IL1RN,0.381015042272649,0.70486328736039,0.7,0.241887284984231
IL2RA,0.0172633602308722,0.985583008329478,1,0.0830564933509621
IL4,-0.105802656460675,0.816254058146575,0.5,0.43753993173759
IL4R,0.0892829628644922,0.85237698878022,0.7,0.253017593688319
IL5,-0.532332364295248,0.95652525527694,0.7,0.312673553852467
IL5RA,-0.109479376993999,0.904357665762001,0.9,0.126795782257986
IL6,-0.386761031303054,1.05570025611334,0.9,0.117960114772251
IL6R,0.033203761508747,0.977270103817953,0.8,0.208123728347026
IL7R,0.0741841183934484,0.959599674234378,0.9,0.178059055418223
INHBC,0.120648111034349,0.911121206059256,0.8,0.189135860159706
ISLR2,0.292081027675804,0.872781184667292,0.8,0.241902996793848
ISM1,0.116883826363284,0.868235202189474,0.9,0.136266126271011
ITGA11,-0.0348218630070219,1.09637867728572,0.9,0.124179535895359
ITGA5,0.0963751522290922,0.793672758356516,0.7,0.231272370650269
ITGAV,-0.0488771988892584,0.861343624543973,0.8,0.202181062218041
ITGB2,0.411825911792792,0.558495158868706,0.5,0.287770470105488
ITGB7,0.266443051326234,0.7409906461406,0.6,0.314975125704522
ITIH3,-0.0876021627150259,1.09940957718356,0.9,0.139573686113494
ITM2A,-0.0282045814785135,0.991025647841187,0.7,0.279593402328002
JAM2,0.140942762941063,0.699867780380294,0.8,0.186108314645789
KAZALD1,0.141566482865111,0.83065725590756,0.9,0.127075898793718
KDR,0.0642311281717678,0.900741069343365,0.6,0.346534975363437
KIR2DL3,-0.0703784219310133,0.816571899168736,0.8,0.216983785420163
KIR3DL1,0.0199209373346115,1.09003656520632,0.7,0.305637462299577
KIRREL2,0.639070251136794,0.741763254424294,0.8,0.167881832459385
KIT,0.0950961780096169,0.8037799245289,0.8,0.189078228096082
KITLG,-0.0235582187823101,0.991240702693535,1,0.0940372088869142
KLB,-0.103895297777413,0.832013473545586,0.6,0.32495393612307
KLK1,0.020805835079761,0.930508769589161,1,0.0882615484013064
KLK10,0.309917980161121,0.815663279738946,0.7,0.273578938067823
KLK11,-0.0712956883204623,0.69455552306204,0.5,0.341947663695459
KLK12,0.0288488685070344,0.962809325572332,0.9,0.15072194306456
KLK13,0.0569879935123606,0.980550342743927,0.7,0.303679281440674
KLK14,0.152799976653651,0.927853658526277,1,0.0883950483427938
KLK4,0.0129956593075197,0.999414183459845,1,0.0421193175994135
KLK6,0.0229612414146288,0.793918689368121,0.7,0.261461667839366
KLK8,-0.077401514785563,0.817949023620125,0.8,0.205522418440542
KLRB1,0.444016582133679,0.534243535245403,0.5,0.250460587909076
KLRD1,-0.0279285930107157,0.896362959962772,0.9,0.107438082178813
KRT18,-0.0934461955382034,0.863518375532878,0.8,0.190222396542009
KRT19,-0.0875010474103697,0.849594954260816,0.6,0.350472680124892
KYNU,0.222639439885846,0.660507153783978,0.6,0.239256722027764
L1CAM,0.160956467813049,0.692237609097504,0.6,0.274667232364756
LAG3,0.145719313030947,0.876630283464276,0.9,0.12815442502924
LAIR1,-0.0187497937179157,0.964784562832017,0.9,0.110399190581183
LAIR2,-0.0113171646557176,1.03463302593546,1,0.10097811023603
LAMA4,-0.00717317324644168,0.696468949710817,0.7,0.197099276146427
LAMP3,0.0362562863370149,0.881823214394984,0.9,0.11019805868792
LAYN,0.242363205909382,0.677397234592843,0.8,0.162931926164615
LBP,0.291318702608465,0.821537799718555,0.5,0.417605159464141
LDLR,0.0236374887768342,0.921723594076603,0.9,0.122744661490478
LEFTY2,0.0841419720088694,0.981575387975325,1,0.105031650828178
LEP,-0.0647774707521116,1.00231621672503,1,0.0679027493133789
LEPR,0.214834618795091,0.810769063522252,0.9,0.164578844180916
LGALS4,-0.0233384040971371,1.00821040256878,0.7,0.331077953941215
LGALS7_LGALS7B,-0.0233089240719724,0.705764974654305,0.9,0.086307626014972
LGALS9,0.204030256818489,0.746236516322649,0.7,0.222578085440095
LHB,-0.00639344500123208,0.930244597105587,0.7,0.318757521588547
LIFR,0.125109084728712,0.722847178632546,0.6,0.309561414489848
LILRA2,-0.0288107085011719,0.972005484602179,0.8,0.200252738851432
LILRA5,0.116112708667609,0.938903150974412,0.9,0.152996028355896
LILRB1,0.062770512656648,0.888626246836107,0.9,0.129845700408425
LILRB2,0.0830446793254096,0.955312195653655,1,0.0853573560588383
LILRB4,0.265983681052903,0.852899232116027,0.8,0.226798093845872
LILRB5,-0.0232772712968948,1.00258249787881,1,0.105630480617162
LPL,-0.0460288742858353,1.04058750239821,0.9,0.125977215272978
LPO,0.0850588864143602,0.938280594092311,0.7,0.286732272147356
LRIG1,-0.0172583916538009,1.07194585445501,0.8,0.256659252122723
LRP11,0.164163888226054,0.903740757249805,0.6,0.341191595496413
LRRC25,0.517928232770361,0.622230164225124,0.6,0.259683913514612
LRRN1,0.0992069116310417,0.903747583533509,0.9,0.16385345771582
LTA,0.102197994906621,0.859677065751299,0.9,0.146217794913147
LTBP2,0.0205652152132832,0.928643328777365,0.9,0.180688086733444
LTBP3,0.102171830538246,0.931314792809191,0.5,0.427588781750388
LTBR,0.210035338679667,0.761945516166306,0.7,0.248547507916681
LY75,0.210520862924162,0.623833284977761,0.5,0.295757065053602
LY9,0.118224363281714,0.711873266507721,0.6,0.259822382461126
LY96,0.0267183853266606,0.854853339162946,0.5,0.433258622493308
LYPD1,0.00997446149715346,1.00312591358367,0.7,0.282447670199376
LYPD3,0.0670565656333339,0.755541750069388,0.7,0.260339797582495
MANSC1,0.0721870893098979,0.969154264724921,0.8,0.21948181167551
MARCO,0.168880588919762,0.834235418152512,0.9,0.147974695835588
MATN2,0.115008803583083,0.952634772936148,0.9,0.182860693092715
MATN3,0.163852466265281,0.931156390252728,1,0.0706730667678528
MB,-0.1565303387521,0.962254564458904,0.9,0.194231100487277
MDGA1,-0.00606927888147013,0.905758294524372,0.9,0.147059299002273
MEGF10,0.186580355579394,0.873637507685011,0.8,0.21360491061013
MEGF9,-0.0191593092117751,1.05682829745792,0.8,0.263675604274947
MEP1B,0.0598743706209895,0.982996999345625,0.9,0.13504975017741
MERTK,0.0273137399642331,0.827016860022767,0.8,0.231586670551832
MET,-0.0440052454797867,1.04054221426338,0.7,0.316305031613375
MFAP5,0.0375899701620364,0.988368442982906,0.9,0.185689306948854
MFGE8,-0.103637448483303,0.943117709761629,0.7,0.277571027467161
MIA,0.169660078078336,0.88323378719991,0.9,0.16953392425669
MICB_MICA,-0.0261784513807701,0.885980128088408,1,0.0810062529999045
MILR1,0.170319597409941,0.875667865686891,0.8,0.197374128594528
MLN,-0.000276721767643203,0.769642212817425,0.8,0.189524218928172
MME,-0.0140897443172409,0.963737144184053,0.9,0.193930178680746
MMP10,0.0239185193950138,1.10177793016062,1,0.115330880653398
MMP12,-0.00960728555943987,0.893146320768821,1,0.051833172313262
MMP13,-0.682666460928382,1.34121203006405,0.8,0.308082027357251
MMP3,0.0485089615457142,1.03495234556869,1,0.0519382602847813
MMP7,0.016471405332187,0.822410433513903,0.7,0.232330358304123
MOG,0.0288031986890404,0.949814203516105,0.9,0.134918696892948
MSLN,0.0154318060572829,1.07185618148533,0.9,0.21534929917001
MSMB,-0.187679317840825,0.649530937938949,0.7,0.222856887824311
MSR1,-0.00782274263680549,0.990078508265621,1,0.0791353464384074
MSTN,-0.0218527033903766,0.966303592951572,0.9,0.133010514632454
MUC13,0.239046721764397,0.794012059716587,0.6,0.310499507316164
MYOC,-0.000466669075256371,0.999729681513045,0.9,0.115222665375135
MZB1,-0.177243269420511,0.916282894428481,0.8,0.231112989139061
NBL1,0.122195033454016,0.68606676294521,0.7,0.225093762035404
NCAM1,-0.0604280131174363,1.04239090997079,0.8,0.255164945393616
NCAN,0.0739340739894651,0.969301404658081,1,0.0800778069333736
NCR1,0.151417396148352,0.720282952318771,0.9,0.14609401055298
NCS1,0.0455612176623653,0.873808423673257,0.6,0.313575252751069
NDRG1,-0.13118353192316,0.623507681315868,0.6,0.249388441680389
NECTIN2,0.347686924627813,0.677154833580134,0.5,0.301974274512315
NECTIN4,0.0203213460752244,0.963032636640178,0.7,0.338851382102327
NELL1,-0.0340442773580917,0.955503124719301,0.6,0.369546554737051
NELL2,0.0275823685508241,0.975349072964963,0.9,0.113280420735916
NFASC,0.0499589547582727,0.84383381937083,0.9,0.164500109747019
NID1,0.681068974699112,0.573710737306644,0.5,0.302182676805376
NME3,0.0366317659119028,0.902988906848333,0.8,0.207411185673693
NOMO1,-0.0559429391507932,0.987387713846102,0.7,0.335383094538622
NOS3,0.449421084959596,0.832069756941795,0.9,0.146684102624008
NOTCH1,0.274540006933445,0.739443619617954,0.5,0.330327340609851
NOTCH3,0.0516545386171584,0.921899321252839,0.9,0.18580524222472
NPDC1,0.26470917806851,0.814859187153914,0.9,0.137947064985305
NPPC,0.258458750086657,0.857248044242784,0.8,0.177904256746458
NPTN,0.0245219594304257,0.908823407759347,0.8,0.188659876850316
NPTX1,0.099785208554574,0.874581857095046,0.9,0.172624566456142
NPTXR,0.0404938302844913,0.994521941013742,1,0.110069031337211
NPY,-0.0699562383293878,1.06516055025587,0.9,0.151637832758114
NRCAM,0.239312247446766,0.853014402956907,0.8,0.20445618645216
NRP1,0.0545724378049665,0.968236419505387,0.7,0.285943580833122
NRP2,-0.048746013355289,1.04411587627102,0.8,0.241126012815203
NT5E,-0.0290360421883105,0.898045545919933,0.7,0.288155184245427
NTF3,0.157019149173842,0.778536040272972,0.7,0.252572363901978
NTproBNP,-0.155624320122152,1.09644809890923,0.8,0.25162957516833
NTRK2,0.0931307450396979,0.74525350357446,0.6,0.319439674317993
NTRK3,0.00141638341864412,0.712410231286568,0.7,0.252227403732091
OBP2B,-0.11743644686198,0.858121370136034,0.9,0.143755085656432
ODAM,0.343221595069232,0.717127557650074,0.8,0.190011706660655
OGN,0.209571456302831,0.785457994955706,0.8,0.162392212806116
OMD,0.0683428128097302,0.941250389386631,1,0.101229066991259
OMG,-0.0149703368412816,1.0183171537043,0.9,0.184900315724695
OPTC,-0.0708429834331912,1.05753808569848,0.8,0.280411021184451
OSCAR,0.110871871576892,0.904158670396551,0.7,0.26788005129298
OSM,0.342746924692165,0.691718390256129,0.5,0.342915298475858
OSMR,-0.0737571147951725,1.06234874761721,0.8,0.278479772324005
OXT,0.0567710246920564,0.978766547673534,1,0.0755700980363138
PADI2,-0.125253647455697,0.967194178179203,0.6,0.355872132814683
PAEP,-0.0460467086726251,0.980002202227861,1,0.08852741756764
PAM,0.477024712024601,0.693414061373374,0.6,0.253307589604452
PAMR1,0.338588169309368,0.59855819364825,0.5,0.269421520340373
PCDH1,-0.122591792419506,1.43460026699636,0.7,0.456897569416273
PCDH17,-0.0364497416670752,0.997031367052603,0.8,0.265092603707884
PCOLCE,0.142731161264341,0.650401267500786,0.5,0.289234731208478
PCSK9,0.0510150903072018,0.951932985721626,0.9,0.135702499337925
PDCD1,0.0707358035491085,0.909218803814729,1,0.0867891937872871
PDCD6,-0.0971759864153701,0.978409103404346,0.7,0.283567407564012
PDGFRA,0.0843419953341142,0.955521201636907,0.7,0.296716159533743
PDGFRB,0.125991875238976,0.869688772711696,0.8,0.194925180122412
PGF,0.031530991452012,0.706906770954899,0.6,0.262390484238985
PGLYRP1,0.328425088040897,0.71916828897498,0.5,0.365078394562761
PHOSPHO1,-0.0549372791553655,0.879566467262524,0.6,0.320324944369958
PI3,-0.0443518417201108,0.629273876946193,0.9,0.112269431125108
PIGR,0.065258606825227,0.969526607748812,0.8,0.217522345921254
PIK3IP1,0.158843456964442,0.754860874124029,0.8,0.200302671930191
PILRA,0.165127449242429,0.855809213050651,0.9,0.154572369605607
PILRB,0.267542523707481,0.764351900133747,0.8,0.167519900180188
PLA2G10,-0.101676717305369,1.12301520344923,0.8,0.270472728276905
PLA2G1B,-0.00265680838952036,0.912747070474916,0.8,0.187745915070151
PLA2G2A,1.07086491082524,0.657564157365352,0.8,0.175969070155422
PLA2G7,0.0899464057366444,0.775612193954478,0.9,0.137520576856006
PLAT,-0.0616069997717353,0.79252222551862,0.8,0.220652925169248
PLAU,0.42382059205741,0.650993832991853,0.6,0.242494331189918
PLIN1,-0.252907669539014,1.15549357310093,0.7,0.388895003988818
PLXDC1,0.0681971865909721,0.775774181540297,0.6,0.314655346417309
PLXNB2,-0.00773380420639982,0.97956648469575,0.8,0.221988556861535
PM20D1,0.209840717445019,1.16101421504804,0.9,0.166396441285315
PNLIPRP2,-0.159272058905708,0.896503540249896,1,0.0386544408044454
PODXL2,-0.217334702776506,1.13894085838107,0.9,0.147927474246697
PON3,0.0375241316523051,0.945489793457658,1,0.0656341612680814
PPY,-0.0317937534369151,0.937030323791392,1,0.0672491819575207
PRELP,0.0207740398525089,0.979172335215967,0.8,0.258105410715239
PRL,0.042436989269497,1.02474452003178,1,0.0998565327779436
PROC,-0.0539171940030413,1.03693882022219,0.8,0.264999189988805
PROK1,0.0564095247915192,0.91514022902463,0.9,0.110792101508098
PRSS2,-0.0297419792477558,1.04578005617253,0.8,0.226289392985957
PRSS8,-0.00963758634667381,1.11550270564684,0.9,0.157864328836962
PRTG,0.116315154962859,0.701633682517081,0.7,0.231458403038955
PRTN3,2.64022830534032,-0.0780245109090328,0.5,0.0395946587528617
PSG1,-0.301290115838218,0.907111542441704,0.9,0.111477736545103
PSPN,-0.156315402823066,0.850969268673235,0.8,0.179737719264451
PTGDS,0.31366423683454,0.747875680512787,0.7,0.234341069580418
PTH1R,-0.151205713923737,0.827121486717623,0.7,0.274967331513102
PTPRF,0.0811109093872349,0.830036926592641,0.5,0.389442813145144
PTPRN2,-0.0329115657235085,0.993037596229439,0.9,0.15082284403648
PTPRS,0.0987086654414508,0.864308345086963,0.6,0.342447571782159
PTS,-0.0319371027263234,0.96420966627297,0.8,0.25698191657926
PVR,-0.0150034112788046,1.02001155807179,0.8,0.221403398630936
QPCT,0.0880248054113734,0.918865946430025,0.5,0.477670710973969
RARRES2,0.0759907301328456,0.971359689447038,0.6,0.422432633200421
RBP2,-0.0111462848770517,1.0407580360495,0.8,0.228229347207868
RBP5,0.251676017057792,0.767649039057929,0.9,0.143276334765293
REG1A,0.0172418480444226,1.06525527018608,0.9,0.154746822148553
REG1B,-0.0486990191941236,1.08306104789965,1,0.117372889163771
REG3A,-0.0228937702121098,1.01050499192108,1,0.0738139387928259
REG4,-0.0520509258120032,1.04397325705083,0.9,0.208235233852738
RELT,0.261568474141423,0.790982272672525,0.8,0.194520884926459
REN,0.092882085048905,0.999798678859372,0.9,0.136265285431175
RET,0.164106125382698,0.827383701909692,0.7,0.252570937471707
RETN,0.245485294401794,0.782572161486533,0.6,0.295529047216528
RGMA,0.0195934545710941,0.903536957599853,0.9,0.148573621458837
RGMB,0.0964968420230511,0.693448013634043,0.7,0.229695997508313
RNASET2,0.15470180148256,0.519513712836653,0.5,0.262038623009646
ROBO1,0.364106447592128,0.793597306942306,0.8,0.213597849793987
ROBO2,0.106744279231818,0.856881049036807,0.9,0.155835922131165
ROR1,0.144415065654517,0.788172136727537,0.7,0.263391988581871
RRM2,0.383305728313301,0.738224716135402,0.8,0.157697562191606
RTBDN,0.16558996288955,0.874821971115347,0.9,0.131922609299828
RTN4R,0.0269551274952398,0.694783351613512,0.6,0.277052888869838
SCARA5,0.0507075234946574,0.81194109716347,0.7,0.256023823991197
SCARB2,0.0269729175539617,0.883248144667607,0.8,0.247316723552107
SCARF2,0.163002920197369,0.670211329643657,0.8,0.157581926038993
SCG2,0.0500654527785289,0.963519019690589,0.9,0.117135651158818
SCG3,0.122159244291087,0.950481533912722,0.9,0.111856832847515
SCGB1A1,-0.0801217276133211,0.91950032286508,0.9,0.112456330596235
SCGB3A2,0.0561362571810573,1.01935573160175,0.9,0.164847102649724
SCGN,-0.0304791411837008,0.760166957731512,0.6,0.321674932795729
SCLY,0.306200764500652,0.609271285174658,0.5,0.293273732992453
SCP2,-0.0558280141582127,1.01530270089112,0.8,0.262896055307594
SDC1,0.0104652567596246,0.990766853557442,1,0.0896560169829595
SELE,-0.0298309830998868,0.982619723559068,1,0.0939873032785755
SEMA3F,0.192702669922031,0.695206546746435,0.7,0.201847850653418
SEMA4C,-0.0541607439604289,1.08093017763197,0.6,0.398634345848
SEMA7A,0.113578543500644,0.801105856873026,0.8,0.184090419406909
SERPINA11,0.136736354176152,0.92843214517381,0.9,0.182994504514647
SERPINA12,-0.0460918915065714,0.999658564845115,1,0.0516131237050346
SERPINA9,0.126973955674625,0.909752579783917,0.9,0.125009969211157
SEZ6L,0.0560378231481131,0.968996185476111,0.9,0.123922047055488
SEZ6L2,0.0442021971963224,0.96338008066593,0.7,0.282336281237612
SFTPA1,0.0723070204180459,1.07054772049531,0.7,0.373467160231041
SFTPA2,-0.0144994303623362,0.862832642189539,0.6,0.317289686011488
SFTPD,-0.0263142310603646,0.999132250273075,0.7,0.343016030985042
SIGLEC1,0.0384172394854769,0.973679899713713,0.9,0.124153929830747
SIGLEC10,0.252176839477817,0.855162182860861,0.9,0.173860846887666
SIGLEC15,-0.111166547269396,1.02384138302283,0.8,0.257555782963707
SIGLEC5,0.0080795404207417,1.00895415970803,1,0.103077371628323
SIGLEC6,0.0686931881950289,0.869260637956213,0.9,0.137581018338197
SIGLEC7,0.0429792827224282,0.847357036823285,0.8,0.214628222315009
SIGLEC9,0.206345119190704,0.659144521338136,0.5,0.344005076377641
SIRPA,-0.00193532291615218,1.0433315284261,0.9,0.118603990923687
SIRPB1,0.163271880316396,0.930411665982347,0.9,0.172106368027637
SLAMF6,0.188836961881793,0.715120586265792,0.6,0.280763251903612
SLAMF7,0.409216982530477,0.729900524991821,0.8,0.154617002068718
SLAMF8,0.192729862903113,0.938210545343844,0.9,0.17736951358179
SLC16A1,0.675176422890215,0.436369305835652,0.5,0.227266914467094
SLC39A14,0.0116424690157315,0.857890229531266,0.5,0.381090171633209
SLITRK2,0.0971842043704348,0.899311355277987,0.9,0.107638616027323
SLITRK6,0.201325883576401,0.735382915665189,0.7,0.22195466060616
SMOC1,-0.245962486279478,0.663445373001931,0.6,0.244771503917829
SMOC2,0.0568387264840932,0.761030679745909,0.9,0.146367343338668
SMPD1,0.0298182493487088,1.01173207364468,0.9,0.180240167657961
SMPDL3A,0.00136819528976271,1.06186599760576,0.9,0.163980376325049
SNCG,-0.023373234501285,0.814670518095518,0.7,0.263006745123934
SORCS2,0.508594785924002,0.540524885653456,0.7,0.188340252744212
SOST,0.557552380737339,0.730206831073475,0.8,0.196461957122446
SPARCL1,-0.0586601742615948,1.0666012290948,0.7,0.298713517959174
SPINK1,-0.115543352664199,1.0463592925235,0.9,0.119090870781111
SPINK4,-0.114563063995677,1.15742854351839,0.9,0.217362309017327
SPINK5,-0.0249752952667151,0.769624667058391,0.6,0.329142796644845
SPINT1,-0.0279573454956491,1.09108875573099,0.7,0.338871057516954
SPOCK1,0.00870842292259972,1.03147352791369,0.7,0.297090259604098
SPON1,0.146621808379038,0.97748914411149,0.9,0.194552339670949
SPON2,0.20963544319455,0.798007217771748,0.8,0.221805054883648
SPP1,-0.0599071823506574,1.0365516193772,1,0.0905059713925862
SSB,0.701116710372168,0.636096899050047,0.6,0.227759667915383
SSC4D,0.141365112313085,0.923194242972762,1,0.0623925780884836
SSC5D,0.0161003033804486,0.840225752530182,0.8,0.191861108947646
ST3GAL1,0.0385336124544322,1.14681270147891,0.7,0.370793681503147
ST6GAL1,0.461489977776871,0.830498072292698,0.5,0.411272846457998
STC1,0.0855825177623035,0.994637358125907,0.9,0.173634573842505
SUSD2,-0.0126179077455628,0.81589149975821,0.6,0.349412721410759
TACSTD2,0.0471885555883734,0.769445374755773,0.8,0.172621108914632
TAFA5,-0.0236907747303023,0.982937814942933,0.9,0.188244476709981
TCN2,-0.119492955056981,1.09574883458407,0.9,0.17080453718438
TDGF1,-0.183703295270439,1.12767111736998,0.6,0.464735421389003
TFF1,-0.117077391013393,1.08353848828572,0.8,0.229878763978302
TFF2,0.0736124589554336,0.910680169381918,0.8,0.230269547266844
TFF3,0.112928422004819,0.942167076173797,0.8,0.249953510420804
TFPI,-0.0773017703868981,1.01281685255438,0.7,0.321606907689186
TFPI2,0.139524145180195,0.880163702089288,0.7,0.283139643159585
TFRC,-0.101669610129186,1.15218602599003,0.9,0.213324548243447
TGFA,0.312902252062865,0.757963459656689,0.5,0.368509190227627
TGFBI,0.0164033194705471,1.0459240771296,0.8,0.292883589899584
TGFBR2,0.183644623297649,0.632977731305574,0.5,0.292551125215818
TGFBR3,-0.0693977526128105,1.06237882148834,0.9,0.179103586144416
THBD,0.21291452795991,0.781967811668,0.6,0.315919770201022
THBS2,0.212159361666209,0.859220653731046,0.9,0.156541227081578
THBS4,-0.00547973159286024,1.08948377103005,0.9,0.128247872064704
THOP1,0.462510018316077,0.609849572378918,0.5,0.324316592485539
THY1,0.25462146999512,0.792665083220511,0.7,0.242643504093279
TIMD4,0.103344974988918,0.921408590615831,0.9,0.11501189016197
TIMP1,0.404396378991286,0.594654624297058,0.5,0.295405065050861
TIMP4,-0.0424204538814947,1.16493146693149,0.9,0.171957866379734
TINAGL1,0.0382804998282533,0.852836279701913,0.8,0.230979904331213
TLR3,-0.114332403870874,1.02063181052329,0.8,0.277578399099661
TMPRSS15,-0.0180234216725861,1.06969958085119,0.9,0.187150029343263
TMPRSS5,-0.0874866177855768,0.932207900614564,0.8,0.238954371165648
TNC,-0.0263517251718444,1.01759761706007,0.9,0.128568978815231
TNF,1.14488250565514,0.921753928798682,1,0.0393942618044632
TNFRSF10A,0.388389334703581,0.570347090982336,0.5,0.297735266936687
TNFRSF10B,0.181230831447491,0.738934776156891,0.6,0.268296337171421
TNFRSF10C,-0.221056312522273,1.15379276338609,0.9,0.17312453236
TNFRSF11A,0.12644328463584,0.819005700447119,0.8,0.223475519015779
TNFRSF11B,-0.0338508573190959,1.13187610854882,0.8,0.242253816466934
TNFRSF12A,0.0598665079933968,1.05055582448144,0.8,0.246768349361931
TNFRSF13B,0.0239611155138449,1.03867627814568,1,0.0937701558763721
TNFRSF13C,0.0519636897853231,0.861167950452605,0.8,0.224572548087898
TNFRSF19,0.18719991915957,0.664457442728203,0.8,0.185021385759202
TNFRSF1A,0.106881694310574,0.908108398530289,0.8,0.225455429065256
TNFRSF1B,0.0716975276365447,0.935598460791437,0.9,0.118682016190518
TNFRSF21,0.24211551779333,0.731803966735417,0.7,0.246501368296329
TNFRSF4,0.134681146358524,0.855505377088938,0.9,0.11485692138053
TNFRSF6B,-0.0004699923349259,0.946242088683981,0.9,0.173169137506425
TNFRSF8,0.0437549591006857,0.982436809015467,1,0.0953352053394841
TNFRSF9,0.205177308228216,0.861831866834577,0.9,0.12585652746019
TNFSF10,0.0926775015314358,0.75975930664797,0.6,0.31883324059019
TNFSF11,0.237632597549701,0.782162404729641,0.9,0.132147935241519
TNFSF13,0.310931275127917,0.747323487721512,0.5,0.336825486340667
TNFSF13B,0.123793533939083,0.822167907785029,0.9,0.124906739025965
TNR,0.222877337714664,0.749360578632231,0.8,0.190245060035269
TNXB,0.239750515331199,0.787167960598101,0.7,0.229196279742051
TPSAB1,-0.0541912928657588,0.875392069368845,0.9,0.137727484665052
TREM2,0.00645878893884716,0.989730709673854,0.9,0.123501118750446
TREML2,0.71516041552163,0.535978379954748,0.6,0.220655644576824
TSHB,0.211677539286039,0.738723843062537,0.7,0.215765925073661
TXNDC15,0.174932003331399,0.820993136442125,0.6,0.30174869713281
TYRO3,0.0200680105621623,0.996019263119624,0.6,0.371089514038075
ULBP2,0.173584795453648,0.698115383503759,0.7,0.202441426150124
UMOD,0.0132961828771348,1.10045919933704,1,0.0802063796544875
UXS1,0.152061634930186,0.495769275202006,0.6,0.202188254922956
VCAM1,0.114359076953383,0.910649437484481,0.9,0.128691969047812
VCAN,0.00485542771478874,0.95146964731493,0.8,0.215637469767006
VEGFA,0.322992640313079,0.668819886738156,0.6,0.287099987163058
VEGFD,-0.0488125152180066,0.984284090785548,0.8,0.250485484136731
VMO1,0.146045728476636,0.696345835220201,0.5,0.35600224051454
VSIG4,-0.0765141757360425,1.0229370612741,1,0.0777260888720221
VSTM1,0.00289577248581994,0.930978929000786,0.7,0.319764658199225
VSTM2L,-0.119443686481403,0.788426052717507,0.5,0.410261275630766
VWA1,0.115966061101433,0.91813485705813,0.9,0.131858037938927
VWC2,0.180544313572208,0.776888823862776,0.9,0.122579154929373
VWF,-0.694803670242579,0.538144223483106,0.6,0.229296269528619
WARS,0.405498440614912,0.737351260847092,0.6,0.284792526694295
WFDC12,-0.0775531403559785,0.907060919762758,0.8,0.190598436051655
WFDC2,0.0225897776155881,1.09880999555812,0.9,0.192926846051593
WFIKKN1,-0.011956247087141,0.667213814543054,0.6,0.248076002589286
WFIKKN2,0.0145696543254917,0.971775274835944,0.9,0.119737939520922
WIF1,0.287149444197126,0.717571486368575,0.8,0.176748622720101
XCL1,0.259982606052388,0.787814639260428,0.9,0.11736678652279
XG,0.0287553377947668,1.00759044952162,0.9,0.177501102306169
XPNPEP2,0.00399092799527366,1.02579946222814,1,0.0758105228098224
ADAMTS16,-0.0925057313885881,0.84569679228615,0.5,0.397785378259014
ANGPTL3,0.633009502779893,0.533145126029757,0.5,0.268853465861036
ARSA,0.638481186456993,0.562169584392019,0.6,0.236800944250943
BGN,1.48277020686589,1.32196408197028,0.5,0.71778318070538
BTN2A1,0.276650100134517,0.547936991476553,0.7,0.170494482329633
CCL11,-0.747982966334887,1.63333847580009,0.7,0.560962284459463
CCN1,-0.289340672124419,0.844863848688681,0.5,0.406188302761188
CCN4,0.114020728601418,0.731345550171962,0.6,0.293080229064285
CD274,0.454385973085005,0.591932759565084,0.6,0.269127595835966
CD4,0.151727181571388,0.524423987384303,0.7,0.171122844968336
CD55,0.105900831972543,0.814183750129235,0.6,0.351916183733762
CD58,0.191078766704952,0.629479949014532,0.6,0.286317059573584
CD99L2,0.135096484032665,0.796720092689777,0.6,0.312182584334233
CLC,0.693084540809657,0.659604104153535,0.5,0.363543934436451
CRLF1,0.227925312746168,0.583978982017546,0.7,0.185451743940819
CSTB,0.540195926163082,0.614147022042358,0.5,0.306426483517292
CXCL6,1.47115837338787,0.664107383705306,0.6,0.258251319403795
DKK4,0.276901814398168,0.774334315856565,0.5,0.409626340248929
EDAR,0.24132014918844,1.08139315174198,0.5,0.573266082727226
ENAH,0.322762199481512,0.82252872779206,0.6,0.329803158837535
ENG,0.185323578765297,0.710379788948196,0.7,0.232108327025019
EZR,0.320106050772,0.693852516696167,0.5,0.380656605496721
FAM3C,0.528460006152461,0.41257831503345,0.5,0.21832496281996
FLT3,0.0966830857431595,0.888243722182798,0.5,0.494823119919985
FOLR2,0.125477951578059,0.901852448913261,0.8,0.206072307713624
GALNT3,0.308179444636493,0.788453614814354,0.6,0.314302368431943
GGT5,0.117810109924572,0.599788168169741,0.6,0.253068060447757
GPA33,0.0262275969538931,0.609484586925345,0.6,0.283559467609402
GPNMB,0.199301034161152,0.764539682555259,0.6,0.310785613078163
HNMT,0.126304175822941,0.735732436811932,0.8,0.162222348173917
IGSF8,0.407073961320158,0.611936074365881,0.8,0.166761289171086
IKZF2,-0.0864617480375268,0.967303454501661,0.6,0.428485125752363
IL13RA1,0.220384967393271,0.596151676648229,0.5,0.313682458417798
IL15RA,0.210831231513545,0.750305134792776,0.5,0.425411903778413
IL32,0.209897981058664,0.757807604402815,0.7,0.283951873216554
IL3RA,0.56407032525793,0.553704269216111,0.6,0.249221438785299
ITGB6,-0.146352832637479,0.529346908315973,0.5,0.260548489025773
JCHAIN,-0.141648262577952,0.555732378343656,0.6,0.241723349024782
LAMP2,0.0840042318947864,0.858216974008821,0.5,0.441743034137031
LIF,-0.139197755901227,0.929963052656228,0.5,0.463219936135362
MCAM,0.0116735525587942,1.01833579312706,0.5,0.515022011843485
MEPE,0.311041066783626,0.652459128161259,0.6,0.247663506132761
NAAA,0.197687589872424,0.75095372416306,0.7,0.278731152273606
NID2,0.27768555215694,0.837096694256208,0.6,0.387343421228021
NXPH1,0.452917606776479,0.517965736802697,0.5,0.2526197585619
PBLD,-0.0407486176233366,0.651253864074549,0.5,0.359199265272576
PLA2G15,0.102939491386426,0.912337302004941,0.7,0.307546609963106
PON2,0.0762317583341692,1.02958002890134,0.6,0.474679555237059
PRCP,0.121372071912958,0.568215125813465,0.5,0.303665575961667
SEMA4D,0.64946343162532,0.338588545379471,0.5,0.182058539215114
SLAMF1,-0.0697156828849764,0.833893536101536,0.6,0.362508001032122
SORT1,0.559123213469266,0.55422204339397,0.5,0.304742634022979
SPINK6,0.0510573362935292,0.726977403201601,0.9,0.149835501899153
STC2,0.329652580865453,0.484596957438573,0.5,0.257979825369565
SULT2A1,0.144409191653361,0.740054728892408,0.5,0.420592360345089
SUMF2,0.47233704101243,0.591242080803655,0.7,0.192760465097204
TEK,0.10221916240066,0.844923548995952,0.5,0.396092440632264
THPO,-0.930514203466184,2.24637257005342,0.7,0.708751486481854
TIE1,0.388694018874939,0.37397561249554,0.5,0.175612575125958
TRIM21,0.462010981642699,0.8696634857381,0.6,0.330711524918176
TYMP,0.375401110616578,0.904264318712447,0.7,0.299664499796507
VAMP5,0.441141335930616,0.684061205398635,0.5,0.322033880973328
ZBTB17,1.05918996240336,0.590550333443199,0.5,0.286094189578195
ADA,0.646964813719756,0.572598765053992,0.6,0.233423441594608
AOC1,-0.123536772197206,0.486294361792929,0.5,0.242893385162006
BMP6,-0.328114163998681,0.622242599833666,0.5,0.347890917225477
CD200,0.143601518773058,0.637342273785413,0.6,0.297512334259617
CD5,1.02529307807264,0.603754322887406,0.5,0.303504059252972
CLEC11A,0.465788304681625,0.699050901212986,0.6,0.277716839339047
CNPY2,0.360960544866621,0.577871877887041,0.5,0.339490347634378
COX5B,3.7481880740318,-0.36583785603683,0.6,0.168613748604915
CSF3,0.0122391878680854,0.912361241610762,0.5,0.490321808516231
DCN,-0.185986837035722,0.677637687899738,0.5,0.359180058419343
DPP7,0.85348246759837,0.620791218510102,0.6,0.252096496104037
F2R,1.00942232854842,0.295983061063434,0.5,0.16501283023243
FGF5,0.0944595513770888,0.579563636663537,0.5,0.330246241137987
GALNT7,0.430803604566986,0.602742596549147,0.6,0.276982296447209
GP1BA,0.299907700938303,0.695743064008447,0.6,0.302719329515365
IDI2,0.738295489883354,0.354322275817373,0.5,0.188531209913665
IFNLR1,-0.534600944837307,0.568596420948253,0.5,0.298869445085809
ITGA6,0.0899765060225702,1.05589493385824,0.5,0.568736623798839
ITGB1,0.153946891953007,0.821888672984972,0.5,0.398648426792826
LGMN,0.139730772067986,0.687718592474778,0.5,0.379053234737159
LRPAP1,0.155922101378593,0.453420061022704,0.6,0.203327862327167
LYPD8,0.024138864269758,0.728731326450854,0.5,0.408602560554442
MCFD2,0.633241186456551,0.472059198005514,0.6,0.193284370200976
MMP9,1.121099051663,0.615614714323621,0.6,0.269328258946549
NCAM2,0.282313367822353,0.590068207598153,0.5,0.306376336428163
PDGFB,3.0093740651278,0.260068572531872,0.5,0.1427490087206
PSMA1,-0.0806339050447668,0.813750476551451,0.5,0.46437933069624
SCARB1,-0.0333294788945038,0.620942482681717,0.6,0.289668453297113
SERPINE1,1.21101756363444,0.315815759388734,0.7,0.106905041614277
SIT1,0.761118874036042,0.79990709721337,0.7,0.312336097401063
SORD,0.0871080981190525,0.596834141777461,0.5,0.307863341805237
STX6,0.845788454636385,0.435175250250342,0.6,0.18951913505549
TCL1B,0.0585229936912247,0.905144548931543,0.5,0.533423140828847
